dep,annee,investissement,vehicules,fonctionnement,depenses_totales,personnel,departement
06,2012,17.5,6.3,121.8,139.5,96.8,Alpes-Maritimes
06,2013,10.9,3.6,116.6,128.0,97.7,Alpes-Maritimes
06,2014,10.4,3.0,119.0,129.9,99.6,Alpes-Maritimes
06,2015,10.0,2.4,123.0,133.6,102.6,Alpes-Maritimes
06,2016,11.9,5.8,122.5,135.1,104.1,Alpes-Maritimes
06,2017,8.3,3.5,123.0,132.0,104.5,Alpes-Maritimes
06,2018,12.1,5.2,121.7,134.6,102.8,Alpes-Maritimes
06,2019,15.2,3.4,121.2,137.2,101.8,Alpes-Maritimes
06,2020,19.5,5.5,126.4,146.7,105.9,Alpes-Maritimes
06,2021,21.5,4.8,126.5,148.9,105.3,Alpes-Maritimes
06,2022,12.8,4.2,130.0,144.0,106.8,Alpes-Maritimes
06,2023,14.2,7.3,134.8,150.3,109.4,Alpes-Maritimes
06,2024,15.3,3.9,135.7,152.2,110.4,Alpes-Maritimes
06,2025,12.5,4.3,136.3,150.1,110.7,Alpes-Maritimes
33,2012,9.3,3.3,98.7,109.2,85.8,Gironde
33,2013,13.1,5.7,98.1,112.8,86.1,Gironde
33,2014,9.8,5.8,100.4,111.9,88.6,Gironde
33,2015,10.2,3.8,100.5,112.4,88.3,Gironde
33,2016,13.2,4.4,103.9,118.9,87.7,Gironde
33,2017,13.3,5.7,101.0,116.4,87.8,Gironde
33,2018,13.8,4.8,98.9,115.0,86.7,Gironde
33,2019,19.9,2.0,100.2,122.8,87.9,Gironde
33,2020,18.4,0.7,100.8,121.9,89.3,Gironde
33,2021,21.2,0.4,101.2,125.4,89.5,Gironde
33,2022,16.3,0.6,109.5,129.6,93.6,Gironde
33,2023,23.4,0.5,108.7,136.0,93.7,Gironde
33,2024,19.3,0.7,109.6,132.9,94.4,Gironde
33,2025,15.4,0.5,106.5,126.3,92.5,Gironde
40,2012,8.9,3.8,63.4,78.7,50.6,Landes
40,2013,8.3,4.9,64.0,78.9,50.9,Landes
40,2014,6.1,2.7,64.5,77.0,52.1,Landes
40,2015,7.7,3.5,64.8,78.6,52.7,Landes
40,2016,6.8,4.2,62.0,74.5,50.1,Landes
40,2017,7.1,3.8,63.7,76.3,52.0,Landes
40,2018,5.9,3.0,62.1,72.9,50.1,Landes
40,2019,7.5,5.7,62.3,74.4,50.4,Landes
40,2020,7.0,4.5,64.8,76.4,52.4,Landes
40,2021,8.2,3.9,67.3,79.5,54.2,Landes
40,2022,11.3,6.5,74.6,89.6,59.1,Landes
40,2023,11.8,5.9,77.9,93.3,61.6,Landes
40,2024,17.7,13.5,77.1,98.3,63.6,Landes
40,2025,19.7,12.5,79.2,102.8,65.5,Landes
