nom,type,dep,territoire,lat,lon
Centre de secours principal Nice-Magnan,CSP,06,Alpes-Maritimes,43.6924052,7.2448764
Centre d'incendie et de secours Nice-Hansy,CS,06,Alpes-Maritimes,43.7046156,7.2683204
Centre de secours principal Cannes-Pastour,CSP,06,Alpes-Maritimes,43.5532471,7.0102008
Centre d'incendie et de secours de Roquebillière,CPI,06,Alpes-Maritimes,44.0130348,7.306796
Centre d'incendie et de secours du Tunnel de Tende,PA,06,Alpes-Maritimes,44.1389116,7.5702265
Force 06 - Base de Sospel,BF,06,Alpes-Maritimes,43.8800709,7.4445288
Force 06 - Base de Lantosque,BF,06,Alpes-Maritimes,43.9728605,7.3074786
Force 06 - Base de Peille,BF,06,Alpes-Maritimes,43.7920352,7.3766756
Centre d'incendie et de secours de Saint-Martin-Vésubie,CPI,06,Alpes-Maritimes,44.0705305,7.2540088
Antenne de Premiers secours Forty,PA,06,Alpes-Maritimes,43.7761802,7.505712
Centre d'incendie et de secours de Châteauneuf-Villevieille,CPI,06,Alpes-Maritimes,43.8112674,7.2952473
Centre d'incendie et de secours de Bendejun,CPI,06,Alpes-Maritimes,43.8349267,7.2939956
Centre d'incendie et de secours de Beuil,CPI,06,Alpes-Maritimes,44.0970687,6.9866346
Centre d'incendie et de secours de Péone-Valberg,CPI,06,Alpes-Maritimes,44.0957647,6.9360896
Centre d'incendie et de secours de Guillaumes,CPI,06,Alpes-Maritimes,44.0886419,6.8535339
Centre d'incendie et de secours d'Andon,CPI,06,Alpes-Maritimes,43.7735504,6.7867434
Centre d'incendie et de secours de Peymeinade,CPI,06,Alpes-Maritimes,43.6440309,6.8790276
Centre d'incendie et de secours de Gilette,CPI,06,Alpes-Maritimes,43.8537357,7.1641357
Centre d'incendie et et de secours de Saint-Sauveur-sur-Tinée,CPI,06,Alpes-Maritimes,44.0822092,7.1067793
Centre d'incendie et de secours de Valdeblore,CS,06,Alpes-Maritimes,44.0702318,7.1673077
Centre d'incendie et de secours de Saint-Sulpice,CPI,33,Landes de Gascogne,44.9074656,-0.3928035
Centre de secours et d'incendie de Hagetmau,CS,40,Landes de Gascogne,43.6636831,-0.6014594
Centre de secours,n.c.,40,Landes de Gascogne,43.546002,-1.4934929
Caserne des pompiers de Cabanac et Villagrains,n.c.,33,Landes de Gascogne,44.6065328,-0.5526947
Centre d'incendie et de secours de Saint-Médard-en-Jalles,n.c.,33,Landes de Gascogne,44.8951184,-0.7215706
Centre d'incendie et de secours de Saint-Jean-Cap-Ferrat,CPI,06,Alpes-Maritimes,43.7011245,7.3269764
Centre d'incendie et de secours de Saint-Paul-lès-Dax,CS,40,Landes de Gascogne,43.7291395,-1.0536065
Centre d'incendie et de secours de Saint-Loubès/Saint-Sulpice,n.c.,33,Landes de Gascogne,44.915446,-0.4267891
Centre d'incendie et de secours de Sainte-Foy-la-Grande,n.c.,33,Landes de Gascogne,44.8402718,0.2138586
Centre d'incendie et de secours d'Andernos/Lanton,n.c.,33,Landes de Gascogne,44.7405433,-1.0905577
Centre d'incendie et de secours de Levens,CPI,06,Alpes-Maritimes,43.8564111,7.2245533
Centre d'incendie et de secours de Pégomas,CPI,06,Alpes-Maritimes,43.5932786,6.9266047
Centre d'incendie et de secours de Montfort-en-Chalosse,CPI,40,Landes de Gascogne,43.710744,-0.839039
Centre d'incendie et de secours de Lacanau,n.c.,33,Landes de Gascogne,44.9787408,-1.0828775
Centre d'incendie et de secours d'Arcachon,n.c.,33,Landes de Gascogne,44.6590165,-1.160841
Centre d'incendie et de secours de Taller,CPI,40,Landes de Gascogne,43.873693,-1.0723102
Centre d'incendie et de secours de Laluque,CPI,40,Landes de Gascogne,43.8523618,-0.9945678
Centre d'incendie et de secours d'Auribeau-sur-Siagne,CPI,06,Alpes-Maritimes,43.610029,6.9163295
Centre d'incendie et de secours de Lantosque,CPI,06,Alpes-Maritimes,43.9747372,7.3115843
Centre d'incendie et de secours de Cabris,CPI,06,Alpes-Maritimes,43.6574388,6.8794342
Force 06 - Base forestière de Mouans-Sartoux,BF,06,Alpes-Maritimes,43.6123481,6.9517469
Centre d'incendie et de secours de Barsac,n.c.,33,Landes de Gascogne,44.6074641,-0.3172907
Centre d'incendie et de secours de La Tour-Rouge,CN,06,Alpes-Maritimes,43.6929909,7.2891786
Centre d'incendie et de secours Nice-Nord,US,06,Alpes-Maritimes,43.733245,7.249669
Centre d'incendie et de secours de Roquebrune-Cap-Martin,PA,06,Alpes-Maritimes,43.762004,7.480269
Centre d'incendie et de secours d'Amou,CPI,40,Landes de Gascogne,43.5919703,-0.7514873
Centre d'incendie et de secours de Pomarez,CS,40,Landes de Gascogne,43.6289273,-0.8314391
Centre de secours,n.c.,33,Landes de Gascogne,44.7842217,-0.5820007
Centre d'incendie et de secours de Saint-Auban,CPI,06,Alpes-Maritimes,43.8442449,6.7299434
Centre d'incendie et de secours de Roquestéron,CPI,06,Alpes-Maritimes,43.8761391,7.0062075
Centre d'incendie et de secours de Berre-les-Alpes,CPI,06,Alpes-Maritimes,43.8309251,7.3275576
Centre d'incendie et de secours d'Isola 2000,CS,06,Alpes-Maritimes,44.1892175,7.153481
Centre d'incendie et de secours d'Isola,CPI,06,Alpes-Maritimes,44.1854678,7.0511904
Centre d'incendie et de secours de La Turbie,CPI,06,Alpes-Maritimes,43.745853,7.402381
Centre d'incendie et de secours de L'Escarene,CPI,06,Alpes-Maritimes,43.837919,7.3541495
Centre d'incendie et de secours de Peille,CPI,06,Alpes-Maritimes,43.7915485,7.3764336
Centre d'incendie et de secours de Castagniers,CPI,06,Alpes-Maritimes,43.7893012,7.2339226
Centre d'incendie et de secours de Lucéram,CPI,06,Alpes-Maritimes,43.8807392,7.356035
Centre d'incendie et de secours d'Auron,CS,06,Alpes-Maritimes,44.227602,6.928124
Centre d'incendie et de secours de Saint-Étienne-de-Tinée,CPI,06,Alpes-Maritimes,44.2555801,6.9239889
Centre de secours principal de Dax,CSP,40,Landes de Gascogne,43.7038942,-1.0389111
Centre d'incendie et de secours de Salles,n.c.,33,Landes de Gascogne,44.5489661,-0.8799636
Force 06 - Base forestière de La Roberte,BF,06,Alpes-Maritimes,43.623429,7.027992
Force 06 - Base de Guillaumes,BF,06,Alpes-Maritimes,44.0824755,6.856777
Centre d'incendie et de secours de Saint-Savin,n.c.,33,Landes de Gascogne,45.138655,-0.4393185
Centre d'incendie et de secours de Luxey,CPI,40,Landes de Gascogne,44.2647451,-0.5207818
Centre d'incendie et de secours de Villars-sur-Var,CPI,06,Alpes-Maritimes,43.9356605,7.095748
Centre d'incendie et de secours d'Ornano,CSP,33,Landes de Gascogne,44.8350757,-0.584944
Centre d'incendie et de secours de Fontan,CPI,06,Alpes-Maritimes,44.0025645,7.555756
Centre d'incendie et de secours de La Brigue,CPI,06,Alpes-Maritimes,44.0633042,7.6226256
Centre d'incendie et de secours de Cestas,n.c.,33,Landes de Gascogne,44.7433742,-0.6879741
Centre d'Incendie et de Secours de Gabarret,CPI,40,Landes de Gascogne,43.9882386,0.0090285
Centre d'incendie et de secours de Saint-Dalmas-de-Tende,CS,06,Alpes-Maritimes,44.0552781,7.579924
Centre d'incendie et de secours de Soulac/Le Verdon,n.c.,33,Landes de Gascogne,45.507987,-1.1213375
Force 06 - Base de Tende,BF,06,Alpes-Maritimes,44.0742025,7.5977415
Centre d'incendie et de secours de Castelnau-de-Médoc,n.c.,33,Landes de Gascogne,45.0278055,-0.796459
Centre d'incendie et de secours de Saint-Vivien-de-Médoc,n.c.,33,Landes de Gascogne,45.427435,-1.0346606
Centre d'incendie et de secours de Saint-Hélène,n.c.,33,Landes de Gascogne,44.9706775,-0.888748
Centre d'incendie et de secours de Carcans,n.c.,33,Landes de Gascogne,45.079894,-1.045772
Centre d'incendie et de secours du Barp,n.c.,33,Landes de Gascogne,44.595042,-0.757955
Centre d'incendie et de secours de Grenade-sur-l'Adour,CPI,40,Landes de Gascogne,43.780729,-0.4341592
Centre d'incendie et de secours de Mios,n.c.,33,Landes de Gascogne,44.6010273,-0.9322063
Centre d'incendie et de secours de Brocas,CPI,40,Landes de Gascogne,44.0444962,-0.5329117
Centre d'incendie et de secours de Bar-sur-Loup,CPI,06,Alpes-Maritimes,43.6996504,6.9889304
Centre d'incendie et de secours de Vendays-Montalivet,n.c.,33,Landes de Gascogne,45.354597,-1.0593775
Centre d'incendie et de secours de Captieux,n.c.,33,Landes de Gascogne,44.2950155,-0.260965
Centre d'incendie et de secours de Sabres,CPI,40,Landes de Gascogne,44.1514569,-0.7411338
Centre d'incendie et de secours de Saint-Vallier-de-Thiey,CPI,06,Alpes-Maritimes,43.6938132,6.858557
Centre d'incendie et de secours d'Onesse,CPI,40,Landes de Gascogne,44.0655852,-1.0698049
Centre d'incendie et de secours de Saint-Laurent-Médoc,n.c.,33,Landes de Gascogne,45.15056,-0.8276785
Centre d'incendie et de secours de Pellegrue,n.c.,33,Landes de Gascogne,44.7444965,0.075366
Centre d'incendie et de secours d'Auros,n.c.,33,Landes de Gascogne,44.494468,-0.143754
Centre d'Incendie et de Secours de Losse,CPI,40,Landes de Gascogne,44.1084915,-0.1002027
Centre d'incendie et de secours de Bruges,CSP,33,Landes de Gascogne,44.8727694,-0.5778253
Centre d'incendie et de secours de Préchac,n.c.,33,Landes de Gascogne,44.3974776,-0.3496491
Centre d'incendie et de secours de Labouheyre,CS,40,Landes de Gascogne,44.2133625,-0.9157191
Centre d'incendie et de secours de Lencouacq,CPI,40,Landes de Gascogne,44.0942378,-0.3983105
Centre d'incendie et de secours de Lapouyade,CPI,33,Landes de Gascogne,45.0865955,-0.293985
Centre d'incendie et de secours de Mouans-Sartoux,CPI,06,Alpes-Maritimes,43.6143418,6.9675895
Centre d'incendie et de secours de Mérignac,CSP,33,Landes de Gascogne,44.818846,-0.6480523
Centre de secours principal Cannes-La Bocca,CSP,06,Alpes-Maritimes,43.5552435,6.9667822
Centre de secours principal d'Antibes,CSP,06,Alpes-Maritimes,43.5911016,7.1173825
Centre d'incendie et de secours de Blaye,n.c.,33,Landes de Gascogne,45.1336656,-0.663521
Centre de secours principal de Cagnes-sur-Mer,CSP,06,Alpes-Maritimes,43.6703983,7.1263587
Centre d'incendie et de secours de Contes,CPI,06,Alpes-Maritimes,43.804745,7.3242891
Centre d'incendie et de secours de Mougins,CS,06,Alpes-Maritimes,43.5866295,6.9984507
Centre d'incendie et de secours d'Èze,CPI,06,Alpes-Maritimes,43.7329837,7.3565367
Centre d'incendie et de secours de Villenave-d'Ornon,n.c.,33,Landes de Gascogne,44.7845086,-0.5815803
Centre d'incendie et de secours de Soustons,CS,40,Landes de Gascogne,43.7442832,-1.3242534
Centre d'incendie et de secours de Biscarrosse,CSP,40,Landes de Gascogne,44.4123369,-1.1711625
Centre d'incendie et de secours de Geaune,CPI,40,Landes de Gascogne,43.6354589,-0.3735361
Centre d'incendie et de secours de l'Aire-sur-l'Adour,CS,40,Landes de Gascogne,43.7000195,-0.261683
Centre d'incendie et de secours de Tartas,CPI,40,Landes de Gascogne,43.8254463,-0.7989623
Centre d'incendie et de secours de Albret-Moïsan,CPI,40,Landes de Gascogne,43.7993675,-1.388133
Centre d'incendie et de secours de Capbreton,CS,40,Landes de Gascogne,43.6485528,-1.4104602
Centre d'incendie et de secours de Castets,CPI,40,Landes de Gascogne,43.8776894,-1.1505765
Centre d'incendie et de secours de Habas,CPI,40,Landes de Gascogne,43.572299,-0.927104
Centre d'incendie et de secours de Labrit,CS,40,Landes de Gascogne,44.1069593,-0.5488772
Centre d'incendie et de secours de Léon,CS,40,Landes de Gascogne,43.8724946,-1.2984212
Centre d'incendie et de secours de Lesperon,CPI,40,Landes de Gascogne,43.9709306,-1.0881676
Centre d'incendie et de secours de Linxe,CPI,40,Landes de Gascogne,43.9211454,-1.2485902
Centre d'incendie et de secours de Lit-et-Mixe,CPI,40,Landes de Gascogne,44.0230267,-1.2539669
Centre d'incendie et de secours de Magescq,CPI,40,Landes de Gascogne,43.7875531,-1.2183428
Centre d'incendie et de secours de Mézos,CPI,40,Landes de Gascogne,44.0815112,-1.1563385
Centre d'incendie et de secours de Mimizan,CS,40,Landes de Gascogne,44.2074813,-1.2417708
Centre d'incendie et de secours de Moliets,CPI,40,Landes de Gascogne,43.8519722,-1.360701
Centre d'incendie et de secours de Morcenx,CS,40,Landes de Gascogne,44.0435896,-0.911252
Centre d'incendie et de secours de Mugron,CPI,40,Landes de Gascogne,43.742571,-0.7391792
Centre d'incendie et de secours de Peyrehorade,CPI,40,Landes de Gascogne,43.5459256,-1.097053
Centre d'incendie et de secours de Parentis-en-Born,CPI,40,Landes de Gascogne,44.3453208,-1.072178
Centre d'incendie et de secours de Pontenx-les-Forges,CPI,40,Landes de Gascogne,44.2427874,-1.1254043
Centre d'incendie et de secours de Rion-des-Landes,CPI,40,Landes de Gascogne,43.933094,-0.9134197
Centre d'Incendie et de Secours de Roquefort,CPI,40,Landes de Gascogne,44.0502257,-0.3206961
Centre d'incendie et de secours de Pouillon,CPI,40,Landes de Gascogne,43.607666,-0.9914384
Centre d'incendie et de secours de Saint-Julien-en-Born,CS,40,Landes de Gascogne,44.0690098,-1.235762
Centre d'Incendie et de Secours de Saint-Justin,CS,40,Landes de Gascogne,43.9776433,-0.237218
Centre d'incendie et de secours de Saint-Perdon,CPI,40,Landes de Gascogne,43.8720224,-0.5796709
Centre d'incendie et de secours de Saint-Martin-de-Seignanx,CPI,40,Landes de Gascogne,43.5419273,-1.3734205
Centre d'incendie et de secours de Saint-Sever,CPI,40,Landes de Gascogne,43.7518955,-0.5735482
Centre d'incendie et de secours de Saint-Vincent-de-Tyrosse,CS,40,Landes de Gascogne,43.6743641,-1.2876885
Centre d'incendie et de secours de Sore,CPI,40,Landes de Gascogne,44.3259827,-0.5708324
Centre d'incendie et de secours de Samadet,CPI,40,Landes de Gascogne,43.6330921,-0.485392
Centre d'incendie et de secours de Souprosse,CPI,40,Landes de Gascogne,43.787093,-0.7027877
Centre d'incendie et de secours de Sanguinet,CPI,40,Landes de Gascogne,44.4750457,-1.0718907
Centre d'incendie et de secours d'Ychoux,CPI,40,Landes de Gascogne,44.3261506,-0.9436191
Centre d'Incendie et de Secours de Villeneuve-de-Marsan,CPI,40,Landes de Gascogne,43.8830352,-0.3060717
Centre d'incendie et de secours de Tosse,CPI,40,Landes de Gascogne,43.6929491,-1.3246878
Centre d'incendie et de secours d'Ygos,CPI,40,Landes de Gascogne,43.984323,-0.7470167
Centre d'incendie et de secours de Pontonx-sur-l'Adour,CPI,40,Landes de Gascogne,43.7988364,-0.9184364
Centre d'incendie et de secours de Créon,n.c.,33,Landes de Gascogne,44.771107,-0.34829
Centre d'incendie et de secours de Saint-Symphorien,n.c.,33,Landes de Gascogne,44.4268212,-0.4893416
Centre d'incendie et de secours de Langon,n.c.,33,Landes de Gascogne,44.5461327,-0.2535794
Centre d'incendie et de secours de Bazas,n.c.,33,Landes de Gascogne,44.434905,-0.2195516
Force 06 - Base de Breil-sur-Roya,BF,06,Alpes-Maritimes,43.9416414,7.5150594
Centre d'incendie et de secours de Breil-sur-Roya,CPI,06,Alpes-Maritimes,43.9421035,7.5152636
Centre d'incendie et de secours de Tende,CPI,06,Alpes-Maritimes,44.091425,7.5917885
Centre de secours principal de Menton,CSP,06,Alpes-Maritimes,43.8067051,7.4880042
Centre d'incendie et de secours de Sospel,CPI,06,Alpes-Maritimes,43.8787509,7.4526931
Sapeurs-Pompiers de Lantosque,n.c.,06,Alpes-Maritimes,43.9980651,7.3165805
Centre d'incendie et de secours de Castillon-la-Bataille,n.c.,33,Landes de Gascogne,44.8512901,-0.0633048
Centre d'incendie et de secours de Macau,n.c.,33,Landes de Gascogne,45.0071904,-0.6122321
Centre d'incendie et de secours de Margaux,n.c.,33,Landes de Gascogne,45.0429707,-0.6805284
Centre d'incendie et de secours de Soussans,n.c.,33,Landes de Gascogne,45.0569531,-0.6984382
Centre d'incendie et de secours de Salaunes,n.c.,33,Landes de Gascogne,44.9360138,-0.8285042
Centre d'incendie et de secours de Lesparre-Médoc,n.c.,33,Landes de Gascogne,45.3104689,-0.9219644
Centre d'incendie et de secours de Pauillac,n.c.,33,Landes de Gascogne,45.1977629,-0.7570228
SDIS 33,n.c.,33,Landes de Gascogne,44.8882509,-0.5423043
Centre d'incendie et de secours de Vallauris,CS,06,Alpes-Maritimes,43.5753897,7.0499396
Centre d'incendie et de secours de Coutras/Lapouyade,n.c.,33,Landes de Gascogne,45.0445324,-0.1231532
Centre d'incendie et de secours de La Brède,n.c.,33,Landes de Gascogne,44.6884118,-0.5105323
Centre d'incendie et de secours de Lège/Cap Ferret/Arès,n.c.,33,Landes de Gascogne,44.7985316,-1.1412357
Centre d'incendie et de secours de Libourne,CSP,33,Landes de Gascogne,44.9143968,-0.2231554
Centre d'incendie et de secours d'Hourtin,n.c.,33,Landes de Gascogne,45.1870979,-1.0561044
Centre d'incendie et de secours de Branne,n.c.,33,Landes de Gascogne,44.8282269,-0.1853399
Centre d'incendie et de secours du Pyla-sur-Mer,n.c.,33,Landes de Gascogne,44.6048097,-1.1977641
Centre d'incendie et de secours de Saint-Jean-d'Illac,n.c.,33,Landes de Gascogne,44.8113366,-0.7777188
Centre d'incendie et de secours de Marcheprime,n.c.,33,Landes de Gascogne,44.6894395,-0.8574731
Centre d'incendie et de secours de Grignols,n.c.,33,Landes de Gascogne,44.3855256,-0.0406104
Centre d'incendie et de secours de Bourg-sur-Gironde,n.c.,33,Landes de Gascogne,45.0424087,-0.5578371
Centre d'incendie et de secours de Cambès,n.c.,33,Landes de Gascogne,45.0121537,-0.5389919
Centre d'incendie et de secours de Saint-Macaire,n.c.,33,Landes de Gascogne,44.5679311,-0.2270329
Centre d'incendie et de secours du Cap-Ferret,n.c.,33,Landes de Gascogne,44.6464231,-1.2548765
Centre d'incendie et de secours de Biganos,CS,33,Landes de Gascogne,44.6390302,-0.9523383
Centre d'incendie et de secours de Bassens,n.c.,33,Landes de Gascogne,44.9060384,-0.5039407
Centre d'incendie et de secours de Saint-André-de-Cubzac,n.c.,33,Landes de Gascogne,44.9895893,-0.4495906
Centre d'incendie et de secours du Verdon,n.c.,33,Landes de Gascogne,45.5434392,-1.0614507
Centre d'incendie et de secours de Cadillac-Béguey,n.c.,33,Landes de Gascogne,44.6530208,-0.3336332
Centre d'incendie et de secours de Saint-Ciers-sur-Gironde,n.c.,33,Landes de Gascogne,45.2959738,-0.6135975
Centre d'incendie et de secours de La Réole,n.c.,33,Landes de Gascogne,44.5821032,-0.0321867
Centre d'incendie et de secours de Targon,n.c.,33,Landes de Gascogne,44.7350903,-0.2620049
Centre d'incendie et de secours d'Aillas,n.c.,33,Landes de Gascogne,44.4727802,-0.0726255
Centre d'incendie et de secours de Bernos-Beaulac,n.c.,33,Landes de Gascogne,44.3702944,-0.2456863
Centre d'incendie et de secours de Sauveterre-de-Guyenne,n.c.,33,Landes de Gascogne,44.6909492,-0.089447
Centre d'incendie et de secours de Lanton,n.c.,33,Landes de Gascogne,44.708545,-1.0287982
Centre d'incendie et de secours de Cabanac-et-Villegrains,n.c.,33,Landes de Gascogne,44.6065997,-0.552517
Centre d'incendie et de secours du Teich,n.c.,33,Landes de Gascogne,44.6366919,-1.0199087
Centre d'incendie et de secours de Gujan-Mestras,n.c.,33,Landes de Gascogne,44.6258986,-1.0723076
Centre d'incendie et de secours de Monségur,n.c.,33,Landes de Gascogne,44.6503409,0.0875875
Centre d'incendie et de secours de Belin-Beliet,n.c.,33,Landes de Gascogne,44.4936283,-0.7906567
SDIS 33,n.c.,33,Landes de Gascogne,44.8893566,-0.5423434
SDIS 33,n.c.,33,Landes de Gascogne,44.8897926,-0.5430466
SDIS 33,n.c.,33,Landes de Gascogne,44.8923822,-0.5422442
SDISS 33,n.c.,33,Landes de Gascogne,44.8913672,-0.5438917
Centre d'incendie et de secours de Saint-Laurent-du-Var,US,06,Alpes-Maritimes,43.7030694,7.179141
Centre d'incendie et de secours Nice-Saint Isidore,CS,06,Alpes-Maritimes,43.710049,7.1960577
Centre de secours principal Nice-Bon Voyage,CSP,06,Alpes-Maritimes,43.7275954,7.2855468
Centre de secours principal Nice-Fodéré,CSP,06,Alpes-Maritimes,43.699185,7.288734
Centre d'incendie et de secours de La Roquette-sur-Siagne,CPI,06,Alpes-Maritimes,43.5803958,6.9559295
Centre d'incendie et de secours de Biot,CPI,06,Alpes-Maritimes,43.6284637,7.1004838
Centre d'incendie et de secours de Roquefort-Les-Pins,CPI,06,Alpes-Maritimes,43.6724001,7.0284625
Centre d'incendie et de secours de Vence,CS,06,Alpes-Maritimes,43.7239064,7.1034333
Centre d'incendie et de secours de Coursegoules,CPI,06,Alpes-Maritimes,43.7930155,7.0433153
Théoule-sur-Mer,CPI,06,Alpes-Maritimes,43.5075903,6.9402356
Centre de secours principal de Grasse,CSP,06,Alpes-Maritimes,43.6534233,6.9385006
Centre d'incendie et de secours du Tignet,CPI,06,Alpes-Maritimes,43.6303523,6.843376
Centre d'incendie et de secours de Saint-Cézaire-sur-Siagne,CPI,06,Alpes-Maritimes,43.6512584,6.7970173
Centre d'incendie et de secours de Valbonne Sophia,CPI,06,Alpes-Maritimes,43.6285339,7.0446391
Centre d'incendie et de secours de Carros,CS,06,Alpes-Maritimes,43.7801435,7.2104874
ESIS,n.c.,33,Landes de Gascogne,44.5401542,-1.1205215
Centre d'incendie et de secours de Saint-Martin-du-Var,CS,06,Alpes-Maritimes,43.8174699,7.1899226
Centre d'incendie et de secours de La-Teste-de-Buch,n.c.,33,Landes de Gascogne,44.6158566,-1.1237379
Centre d'incendie et de secours du Porge,n.c.,33,Landes de Gascogne,44.8771456,-1.0814341
Centre d'incendie et de secours de Tourette-Levens,CPI,06,Alpes-Maritimes,43.7991239,7.2726111
Centre d'incendie et de secours de Puget-Théniers,CPI,06,Alpes-Maritimes,43.9515138,6.9000967
Centre de secours principal de Mont-de-Marsan,CSP,40,Landes de Gascogne,43.9160756,-0.4528145
Sapeurs-Pompiers de la Turbie,n.c.,06,Alpes-Maritimes,43.7499423,7.4121128
Centre de secours,n.c.,33,Landes de Gascogne,44.7839088,-0.5816048
Centre d'incendie et de secours Bordeaux-Bastide,CSP,33,Landes de Gascogne,44.8360873,-0.5487512
Centre d'incendie et de secours de Pissos,CS,40,Landes de Gascogne,44.298692,-0.7752397
