station,dep,territoire,annee,tm,gel,anomalie,tx_ete,j30,j35,nuits_trop,rr_ete,j30_moy10
Bordeaux-Mérignac,33,Landes de Gascogne,1950,12.9,40.0,0.16,26.8,22.0,1.0,1.0,134.3,
Bordeaux-Mérignac,33,Landes de Gascogne,1951,12.3,34.0,-0.44,23.67,6.0,0.0,0.0,258.9,
Bordeaux-Mérignac,33,Landes de Gascogne,1952,12.82,47.0,0.09,25.93,15.0,1.0,1.0,137.0,
Bordeaux-Mérignac,33,Landes de Gascogne,1953,12.44,51.0,-0.3,23.6,7.0,1.0,1.0,166.4,
Bordeaux-Mérignac,33,Landes de Gascogne,1954,12.08,30.0,-0.65,22.23,3.0,0.0,0.0,180.9,
Bordeaux-Mérignac,33,Landes de Gascogne,1955,12.73,46.0,-0.0,25.23,13.0,0.0,1.0,302.6,
Bordeaux-Mérignac,33,Landes de Gascogne,1956,11.12,59.0,-1.61,21.67,2.0,0.0,0.0,313.5,9.71
Bordeaux-Mérignac,33,Landes de Gascogne,1957,12.4,25.0,-0.34,23.83,11.0,0.0,3.0,153.3,9.88
Bordeaux-Mérignac,33,Landes de Gascogne,1958,12.56,27.0,-0.18,23.13,4.0,0.0,0.0,308.8,9.22
Bordeaux-Mérignac,33,Landes de Gascogne,1959,13.37,23.0,0.63,25.4,10.0,0.0,0.0,206.8,9.3
Bordeaux-Mérignac,33,Landes de Gascogne,1960,12.6,29.0,-0.14,23.53,5.0,0.0,0.0,184.5,7.6
Bordeaux-Mérignac,33,Landes de Gascogne,1961,13.44,20.0,0.7,24.3,13.0,1.0,1.0,86.9,8.3
Bordeaux-Mérignac,33,Landes de Gascogne,1962,11.87,49.0,-0.87,24.9,9.0,0.0,1.0,92.9,7.7
Bordeaux-Mérignac,33,Landes de Gascogne,1963,11.5,54.0,-1.24,22.73,5.0,0.0,0.0,265.0,7.5
Bordeaux-Mérignac,33,Landes de Gascogne,1964,12.17,50.0,-0.57,25.27,14.0,1.0,0.0,109.1,8.6
Bordeaux-Mérignac,33,Landes de Gascogne,1965,12.08,38.0,-0.66,23.13,7.0,0.0,0.0,158.7,8.0
Bordeaux-Mérignac,33,Landes de Gascogne,1966,12.9,25.0,0.16,23.07,4.0,0.0,0.0,198.6,8.2
Bordeaux-Mérignac,33,Landes de Gascogne,1967,12.51,32.0,-0.23,25.0,11.0,0.0,0.0,72.3,8.2
Bordeaux-Mérignac,33,Landes de Gascogne,1968,12.73,41.0,-0.0,24.37,9.0,2.0,2.0,260.5,8.7
Bordeaux-Mérignac,33,Landes de Gascogne,1969,12.34,45.0,-0.4,24.57,11.0,0.0,1.0,159.3,8.8
Bordeaux-Mérignac,33,Landes de Gascogne,1970,12.48,47.0,-0.25,25.27,10.0,0.0,0.0,140.3,9.3
Bordeaux-Mérignac,33,Landes de Gascogne,1971,12.26,53.0,-0.48,24.5,13.0,0.0,0.0,225.8,9.3
Bordeaux-Mérignac,33,Landes de Gascogne,1972,12.06,30.0,-0.68,23.43,5.0,0.0,0.0,177.6,8.9
Bordeaux-Mérignac,33,Landes de Gascogne,1973,12.24,65.0,-0.5,25.3,13.0,0.0,4.0,189.6,9.7
Bordeaux-Mérignac,33,Landes de Gascogne,1974,12.62,24.0,-0.11,25.47,13.0,3.0,1.0,98.7,9.6
Bordeaux-Mérignac,33,Landes de Gascogne,1975,12.73,38.0,-0.0,26.3,14.0,5.0,3.0,85.1,10.3
Bordeaux-Mérignac,33,Landes de Gascogne,1976,13.06,50.0,0.32,28.03,27.0,4.0,1.0,252.3,12.6
Bordeaux-Mérignac,33,Landes de Gascogne,1977,12.77,27.0,0.03,22.63,0.0,0.0,0.0,271.6,11.5
Bordeaux-Mérignac,33,Landes de Gascogne,1978,12.54,27.0,-0.2,23.8,10.0,0.0,1.0,129.5,11.6
Bordeaux-Mérignac,33,Landes de Gascogne,1979,12.58,31.0,-0.15,24.37,10.0,0.0,1.0,97.5,11.5
Bordeaux-Mérignac,33,Landes de Gascogne,1980,12.22,43.0,-0.52,23.17,6.0,0.0,0.0,200.2,11.1
Bordeaux-Mérignac,33,Landes de Gascogne,1981,13.22,35.0,0.49,25.03,13.0,1.0,1.0,90.5,11.1
Bordeaux-Mérignac,33,Landes de Gascogne,1982,13.6,12.0,0.86,25.1,13.0,3.0,1.0,205.3,11.9
Bordeaux-Mérignac,33,Landes de Gascogne,1983,13.41,42.0,0.67,26.5,18.0,2.0,5.0,170.5,12.4
Bordeaux-Mérignac,33,Landes de Gascogne,1984,12.63,27.0,-0.1,25.47,13.0,1.0,0.0,169.9,12.4
Bordeaux-Mérignac,33,Landes de Gascogne,1985,12.23,62.0,-0.51,24.7,9.0,1.0,1.0,150.6,11.9
Bordeaux-Mérignac,33,Landes de Gascogne,1986,12.56,43.0,-0.18,25.43,16.0,0.0,0.0,61.7,10.8
Bordeaux-Mérignac,33,Landes de Gascogne,1987,12.88,34.0,0.15,24.7,15.0,4.0,3.0,210.7,12.3
Bordeaux-Mérignac,33,Landes de Gascogne,1988,13.6,23.0,0.86,24.8,8.0,0.0,1.0,135.6,12.1
Bordeaux-Mérignac,33,Landes de Gascogne,1989,14.43,32.0,1.7,27.43,22.0,3.0,2.0,121.2,13.3
Bordeaux-Mérignac,33,Landes de Gascogne,1990,14.48,27.0,1.74,26.93,31.0,7.0,4.0,118.6,15.8
Bordeaux-Mérignac,33,Landes de Gascogne,1991,13.33,34.0,0.6,25.93,19.0,4.0,7.0,159.2,16.4
Bordeaux-Mérignac,33,Landes de Gascogne,1992,13.38,33.0,0.64,25.07,16.0,0.0,6.0,488.4,16.7
Bordeaux-Mérignac,33,Landes de Gascogne,1993,13.31,28.0,0.57,25.47,15.0,0.0,0.0,208.4,16.4
Bordeaux-Mérignac,33,Landes de Gascogne,1994,14.54,11.0,1.8,26.9,25.0,1.0,12.0,202.0,17.6
Bordeaux-Mérignac,33,Landes de Gascogne,1995,14.42,22.0,1.68,27.43,29.0,3.0,10.0,86.2,19.6
Bordeaux-Mérignac,33,Landes de Gascogne,1996,13.59,21.0,0.85,26.2,23.0,1.0,1.0,272.8,20.3
Bordeaux-Mérignac,33,Landes de Gascogne,1997,14.9,20.0,2.16,26.03,19.0,1.0,8.0,262.8,20.7
Bordeaux-Mérignac,33,Landes de Gascogne,1998,13.94,26.0,1.2,26.4,19.0,7.0,1.0,127.0,21.8
Bordeaux-Mérignac,33,Landes de Gascogne,1999,14.29,21.0,1.55,26.3,14.0,1.0,6.0,213.2,21.0
Bordeaux-Mérignac,33,Landes de Gascogne,2000,14.38,19.0,1.65,26.27,19.0,2.0,4.0,140.2,19.8
Bordeaux-Mérignac,33,Landes de Gascogne,2001,13.87,23.0,1.13,26.3,24.0,3.0,5.0,144.6,20.3
Bordeaux-Mérignac,33,Landes de Gascogne,2002,14.41,7.0,1.67,24.8,14.0,1.0,1.0,139.2,20.1
Bordeaux-Mérignac,33,Landes de Gascogne,2003,14.84,26.0,2.1,29.53,41.0,16.0,20.0,165.2,22.7
Bordeaux-Mérignac,33,Landes de Gascogne,2004,13.78,23.0,1.05,26.33,17.0,1.0,4.0,135.8,21.9
Bordeaux-Mérignac,33,Landes de Gascogne,2005,13.81,47.0,1.07,27.7,27.0,5.0,9.0,66.6,21.7
Bordeaux-Mérignac,33,Landes de Gascogne,2006,14.55,35.0,1.81,27.73,27.0,6.0,12.0,142.4,22.1
Bordeaux-Mérignac,33,Landes de Gascogne,2007,13.84,29.0,1.1,24.77,9.0,1.0,3.0,194.8,21.1
Bordeaux-Mérignac,33,Landes de Gascogne,2008,13.65,19.0,0.91,25.23,10.0,0.0,2.0,181.6,20.2
Bordeaux-Mérignac,33,Landes de Gascogne,2009,14.22,25.0,1.48,27.07,18.0,4.0,3.0,145.2,20.6
Bordeaux-Mérignac,33,Landes de Gascogne,2010,13.15,49.0,0.41,26.5,21.0,3.0,3.0,133.5,20.8
Bordeaux-Mérignac,33,Landes de Gascogne,2011,14.98,20.0,2.24,25.67,14.0,4.0,3.0,169.9,19.8
Bordeaux-Mérignac,33,Landes de Gascogne,2012,13.85,36.0,1.11,26.23,19.0,4.0,3.0,130.3,20.3
Bordeaux-Mérignac,33,Landes de Gascogne,2013,13.63,22.0,0.9,26.4,27.0,2.0,8.0,251.3,18.9
Bordeaux-Mérignac,33,Landes de Gascogne,2014,14.96,7.0,2.22,25.7,8.0,1.0,3.0,197.4,18.0
Bordeaux-Mérignac,33,Landes de Gascogne,2015,14.63,20.0,1.9,28.1,31.0,6.0,6.0,168.8,18.4
Bordeaux-Mérignac,33,Landes de Gascogne,2016,14.38,11.0,1.64,26.7,19.0,8.0,4.0,98.5,17.6
Bordeaux-Mérignac,33,Landes de Gascogne,2017,14.43,29.0,1.7,27.2,25.0,6.0,8.0,194.9,19.2
Bordeaux-Mérignac,33,Landes de Gascogne,2018,14.97,21.0,2.23,28.27,33.0,6.0,5.0,127.4,21.5
Bordeaux-Mérignac,33,Landes de Gascogne,2019,14.88,12.0,2.14,27.97,34.0,8.0,8.0,159.9,23.1
Bordeaux-Mérignac,33,Landes de Gascogne,2020,15.32,4.0,2.58,27.1,25.0,6.0,7.0,161.4,23.5
Bordeaux-Mérignac,33,Landes de Gascogne,2021,14.19,23.0,1.45,25.83,15.0,0.0,5.0,213.9,23.6
Bordeaux-Mérignac,33,Landes de Gascogne,2022,15.97,23.0,3.23,30.1,42.0,19.0,17.0,129.1,25.9
Bordeaux-Mérignac,33,Landes de Gascogne,2023,15.6,25.0,2.86,28.03,23.0,6.0,11.0,157.8,25.5
Bordeaux-Mérignac,33,Landes de Gascogne,2024,14.95,9.0,2.21,27.03,20.0,2.0,8.0,154.4,26.7
Bordeaux-Mérignac,33,Landes de Gascogne,2025,15.46,21.0,2.72,29.47,39.0,14.0,13.0,134.0,27.5
Bordeaux-Mérignac,33,Landes de Gascogne,2026,,,,32.1,59.0,30.0,30.0,77.8,31.5
Mont-de-Marsan,40,Landes de Gascogne,1950,13.37,47.0,0.51,28.1,30.0,1.0,3.0,163.8,
Mont-de-Marsan,40,Landes de Gascogne,1951,12.63,47.0,-0.23,24.77,11.0,1.0,0.0,255.8,
Mont-de-Marsan,40,Landes de Gascogne,1952,12.94,62.0,0.08,27.27,22.0,4.0,2.0,124.5,
Mont-de-Marsan,40,Landes de Gascogne,1953,12.42,83.0,-0.44,24.87,12.0,1.0,0.0,135.5,
Mont-de-Marsan,40,Landes de Gascogne,1954,12.06,61.0,-0.8,24.0,6.0,1.0,0.0,167.3,
Mont-de-Marsan,40,Landes de Gascogne,1955,13.01,65.0,0.15,27.27,22.0,2.0,1.0,122.2,
Mont-de-Marsan,40,Landes de Gascogne,1956,11.49,79.0,-1.37,23.77,11.0,1.0,0.0,143.5,16.29
Mont-de-Marsan,40,Landes de Gascogne,1957,12.65,48.0,-0.21,25.1,14.0,3.0,0.0,192.4,16.0
Mont-de-Marsan,40,Landes de Gascogne,1958,13.02,45.0,0.16,24.8,12.0,1.0,2.0,237.6,15.56
Mont-de-Marsan,40,Landes de Gascogne,1959,13.39,41.0,0.53,26.6,17.0,3.0,0.0,225.6,15.7
Mont-de-Marsan,40,Landes de Gascogne,1960,12.83,51.0,-0.03,25.07,11.0,0.0,0.0,259.6,13.8
Mont-de-Marsan,40,Landes de Gascogne,1961,13.74,43.0,0.88,25.8,20.0,2.0,0.0,90.0,14.7
Mont-de-Marsan,40,Landes de Gascogne,1962,12.33,73.0,-0.53,27.0,20.0,3.0,1.0,47.6,14.5
Mont-de-Marsan,40,Landes de Gascogne,1963,11.88,56.0,-0.98,24.4,9.0,1.0,1.0,323.8,14.2
Mont-de-Marsan,40,Landes de Gascogne,1964,12.88,61.0,0.02,27.0,27.0,4.0,1.0,63.0,16.3
Mont-de-Marsan,40,Landes de Gascogne,1965,12.52,47.0,-0.34,25.07,12.0,0.0,0.0,186.7,15.3
Mont-de-Marsan,40,Landes de Gascogne,1966,13.19,39.0,0.33,24.6,10.0,1.0,1.0,162.4,15.2
Mont-de-Marsan,40,Landes de Gascogne,1967,12.8,41.0,-0.06,26.43,21.0,1.0,0.0,118.6,15.9
Mont-de-Marsan,40,Landes de Gascogne,1968,13.03,43.0,0.17,25.53,16.0,3.0,0.0,231.1,16.3
Mont-de-Marsan,40,Landes de Gascogne,1969,12.61,54.0,-0.25,25.5,21.0,2.0,4.0,153.3,16.7
Mont-de-Marsan,40,Landes de Gascogne,1970,12.88,54.0,0.01,26.23,18.0,1.0,0.0,188.5,17.4
Mont-de-Marsan,40,Landes de Gascogne,1971,12.65,61.0,-0.21,25.7,18.0,0.0,0.0,280.8,17.2
Mont-de-Marsan,40,Landes de Gascogne,1972,12.08,41.0,-0.79,24.27,10.0,0.0,0.0,222.4,16.2
Mont-de-Marsan,40,Landes de Gascogne,1973,12.42,84.0,-0.44,25.77,16.0,3.0,6.0,189.4,16.9
Mont-de-Marsan,40,Landes de Gascogne,1974,12.48,43.0,-0.39,25.7,15.0,4.0,0.0,124.9,15.7
Mont-de-Marsan,40,Landes de Gascogne,1975,12.35,63.0,-0.51,26.4,18.0,6.0,1.0,124.8,16.3
Mont-de-Marsan,40,Landes de Gascogne,1976,12.84,68.0,-0.02,28.7,34.0,4.0,0.0,274.1,18.7
Mont-de-Marsan,40,Landes de Gascogne,1977,12.58,33.0,-0.29,23.17,0.0,0.0,0.0,383.4,16.6
Mont-de-Marsan,40,Landes de Gascogne,1978,12.25,45.0,-0.61,24.6,13.0,1.0,0.0,168.3,16.3
Mont-de-Marsan,40,Landes de Gascogne,1979,12.66,46.0,-0.2,24.87,9.0,0.0,0.0,140.8,15.1
Mont-de-Marsan,40,Landes de Gascogne,1980,12.31,61.0,-0.55,24.5,12.0,1.0,0.0,166.9,14.5
Mont-de-Marsan,40,Landes de Gascogne,1981,13.42,49.0,0.56,26.4,21.0,2.0,2.0,131.1,14.8
Mont-de-Marsan,40,Landes de Gascogne,1982,13.79,32.0,0.93,26.5,16.0,3.0,0.0,188.4,15.4
Mont-de-Marsan,40,Landes de Gascogne,1983,13.43,58.0,0.57,27.03,19.0,1.0,4.0,261.1,15.7
Mont-de-Marsan,40,Landes de Gascogne,1984,12.69,46.0,-0.17,26.57,20.0,2.0,0.0,162.6,16.2
Mont-de-Marsan,40,Landes de Gascogne,1985,12.65,63.0,-0.21,25.73,14.0,3.0,1.0,191.9,15.8
Mont-de-Marsan,40,Landes de Gascogne,1986,13.06,43.0,0.2,26.43,22.0,3.0,2.0,81.2,14.6
Mont-de-Marsan,40,Landes de Gascogne,1987,12.85,56.0,-0.01,24.77,15.0,2.0,2.0,285.1,16.1
Mont-de-Marsan,40,Landes de Gascogne,1988,13.35,53.0,0.49,25.3,8.0,0.0,2.0,172.4,15.6
Mont-de-Marsan,40,Landes de Gascogne,1989,14.05,48.0,1.19,27.8,27.0,2.0,3.0,110.1,17.4
Mont-de-Marsan,40,Landes de Gascogne,1990,14.06,44.0,1.2,27.67,33.0,9.0,5.0,145.2,19.5
Mont-de-Marsan,40,Landes de Gascogne,1991,13.05,62.0,0.19,26.93,29.0,5.0,4.0,182.0,20.3
Mont-de-Marsan,40,Landes de Gascogne,1992,13.17,39.0,0.31,25.2,17.0,0.0,4.0,406.8,20.4
Mont-de-Marsan,40,Landes de Gascogne,1993,12.88,57.0,0.01,25.57,13.0,1.0,0.0,204.8,19.8
Mont-de-Marsan,40,Landes de Gascogne,1994,14.25,20.0,1.39,27.43,28.0,2.0,11.0,88.7,20.6
Mont-de-Marsan,40,Landes de Gascogne,1995,13.83,46.0,0.97,27.43,30.0,1.0,9.0,208.7,22.2
Mont-de-Marsan,40,Landes de Gascogne,1996,13.08,39.0,0.21,26.13,24.0,1.0,0.0,243.8,22.4
Mont-de-Marsan,40,Landes de Gascogne,1997,14.4,52.0,1.54,25.53,15.0,0.0,5.0,343.8,22.4
Mont-de-Marsan,40,Landes de Gascogne,1998,13.39,53.0,0.53,26.27,18.0,5.0,3.0,173.8,23.4
Mont-de-Marsan,40,Landes de Gascogne,1999,13.71,44.0,0.85,26.3,14.0,1.0,4.0,219.4,22.1
Mont-de-Marsan,40,Landes de Gascogne,2000,13.86,44.0,1.0,26.43,22.0,1.0,3.0,165.6,21.0
Mont-de-Marsan,40,Landes de Gascogne,2001,13.53,43.0,0.67,27.17,25.0,6.0,4.0,112.8,20.6
Mont-de-Marsan,40,Landes de Gascogne,2002,14.05,28.0,1.19,25.4,18.0,2.0,0.0,190.0,20.7
Mont-de-Marsan,40,Landes de Gascogne,2003,14.57,48.0,1.71,31.13,54.0,23.0,13.0,132.6,24.8
Mont-de-Marsan,40,Landes de Gascogne,2004,13.51,63.0,0.65,27.9,29.0,3.0,2.0,164.4,24.9
Mont-de-Marsan,40,Landes de Gascogne,2005,13.32,78.0,0.46,28.63,38.0,6.0,7.0,94.2,25.7
Mont-de-Marsan,40,Landes de Gascogne,2006,14.27,63.0,1.41,28.43,33.0,6.0,11.0,156.7,26.6
Mont-de-Marsan,40,Landes de Gascogne,2007,13.35,55.0,0.49,25.7,13.0,2.0,0.0,212.1,26.4
Mont-de-Marsan,40,Landes de Gascogne,2008,13.3,48.0,0.44,26.2,18.0,2.0,3.0,192.6,26.4
Mont-de-Marsan,40,Landes de Gascogne,2009,14.04,49.0,1.18,28.37,31.0,7.0,6.0,113.6,28.1
Mont-de-Marsan,40,Landes de Gascogne,2010,12.78,70.0,-0.09,27.17,23.0,3.0,2.0,133.7,28.2
Mont-de-Marsan,40,Landes de Gascogne,2011,14.52,40.0,1.66,26.07,14.0,4.0,2.0,229.4,27.1
Mont-de-Marsan,40,Landes de Gascogne,2012,13.7,56.0,0.84,27.73,28.0,6.0,4.0,110.5,28.1
Mont-de-Marsan,40,Landes de Gascogne,2013,13.54,48.0,0.68,27.33,35.0,3.0,9.0,192.4,26.2
Mont-de-Marsan,40,Landes de Gascogne,2014,14.6,19.0,1.74,26.47,13.0,1.0,0.0,229.9,24.6
Mont-de-Marsan,40,Landes de Gascogne,2015,14.28,42.0,1.41,28.83,37.0,6.0,8.0,240.4,24.5
Mont-de-Marsan,40,Landes de Gascogne,2016,14.22,31.0,1.36,27.77,29.0,10.0,3.0,93.8,24.1
Mont-de-Marsan,40,Landes de Gascogne,2017,14.05,55.0,1.19,27.77,31.0,7.0,1.0,188.0,25.9
Mont-de-Marsan,40,Landes de Gascogne,2018,14.58,29.0,1.71,28.37,37.0,4.0,5.0,233.0,27.8
Mont-de-Marsan,40,Landes de Gascogne,2019,14.37,34.0,1.51,27.87,29.0,6.0,6.0,227.5,27.6
Mont-de-Marsan,40,Landes de Gascogne,2020,14.88,25.0,2.01,27.77,31.0,10.0,7.0,159.1,28.4
Mont-de-Marsan,40,Landes de Gascogne,2021,13.91,45.0,1.05,26.37,18.0,0.0,4.0,149.4,28.8
Mont-de-Marsan,40,Landes de Gascogne,2022,15.62,37.0,2.76,31.1,53.0,26.0,11.0,98.9,31.3
Mont-de-Marsan,40,Landes de Gascogne,2023,15.28,38.0,2.42,28.53,28.0,8.0,6.0,159.3,30.6
Mont-de-Marsan,40,Landes de Gascogne,2024,14.69,19.0,1.83,27.37,28.0,4.0,8.0,130.6,32.1
Mont-de-Marsan,40,Landes de Gascogne,2025,15.02,32.0,2.16,29.9,47.0,17.0,9.0,175.8,33.1
Mont-de-Marsan,40,Landes de Gascogne,2026,,,,32.13,60.0,35.0,29.0,110.4,36.2
Nice,06,Alpes-Maritimes,1950,15.33,3.0,0.03,27.3,6.0,0.0,16.0,61.6,
Nice,06,Alpes-Maritimes,1951,15.0,0.0,-0.31,25.07,0.0,0.0,5.0,47.5,
Nice,06,Alpes-Maritimes,1952,15.12,0.0,-0.19,27.13,12.0,0.0,30.0,65.7,
Nice,06,Alpes-Maritimes,1953,15.38,1.0,0.07,24.97,3.0,0.0,12.0,227.0,
Nice,06,Alpes-Maritimes,1954,14.76,2.0,-0.55,24.93,4.0,0.0,3.0,107.4,
Nice,06,Alpes-Maritimes,1955,15.48,0.0,0.17,25.47,2.0,0.0,14.0,109.2,
Nice,06,Alpes-Maritimes,1956,14.3,17.0,-1.01,25.13,6.0,1.0,12.0,66.4,4.71
Nice,06,Alpes-Maritimes,1957,15.16,1.0,-0.15,25.0,3.0,0.0,16.0,139.8,4.5
Nice,06,Alpes-Maritimes,1958,14.88,3.0,-0.43,24.5,1.0,0.0,13.0,116.2,4.11
Nice,06,Alpes-Maritimes,1959,15.32,0.0,0.01,25.6,2.0,0.0,19.0,34.8,3.9
Nice,06,Alpes-Maritimes,1960,14.68,2.0,-0.63,24.9,0.0,0.0,2.0,64.6,3.3
Nice,06,Alpes-Maritimes,1961,15.54,0.0,0.23,25.2,2.0,0.0,15.0,34.6,3.5
Nice,06,Alpes-Maritimes,1962,14.68,5.0,-0.62,24.93,3.0,0.0,19.0,31.9,2.6
Nice,06,Alpes-Maritimes,1963,14.62,11.0,-0.68,25.07,3.0,0.0,22.0,132.1,2.6
Nice,06,Alpes-Maritimes,1964,15.44,1.0,0.13,26.37,3.0,0.0,33.0,52.4,2.5
Nice,06,Alpes-Maritimes,1965,14.48,5.0,-0.82,24.63,4.0,0.0,11.0,215.6,2.7
Nice,06,Alpes-Maritimes,1966,15.13,1.0,-0.17,24.5,0.0,0.0,7.0,147.1,2.1
Nice,06,Alpes-Maritimes,1967,15.47,3.0,0.16,25.63,2.0,0.0,29.0,52.0,2.0
Nice,06,Alpes-Maritimes,1968,15.08,4.0,-0.22,25.07,5.0,0.0,11.0,126.2,2.4
Nice,06,Alpes-Maritimes,1969,14.9,4.0,-0.41,24.9,1.0,0.0,24.0,119.6,2.3
Nice,06,Alpes-Maritimes,1970,15.19,1.0,-0.12,25.6,3.0,0.0,24.0,31.7,2.6
Nice,06,Alpes-Maritimes,1971,15.15,6.0,-0.16,26.1,12.0,0.0,32.0,61.2,3.6
Nice,06,Alpes-Maritimes,1972,14.79,0.0,-0.52,24.6,2.0,0.0,14.0,123.4,3.5
Nice,06,Alpes-Maritimes,1973,15.39,1.0,0.08,26.23,7.0,0.0,37.0,125.7,3.9
Nice,06,Alpes-Maritimes,1974,14.92,0.0,-0.38,25.1,2.0,0.0,17.0,48.0,3.8
Nice,06,Alpes-Maritimes,1975,15.11,0.0,-0.2,24.93,2.0,0.0,29.0,91.6,3.6
Nice,06,Alpes-Maritimes,1976,15.02,2.0,-0.29,25.37,0.0,0.0,17.0,152.3,3.6
Nice,06,Alpes-Maritimes,1977,15.18,0.0,-0.12,24.1,0.0,0.0,10.0,125.5,3.4
Nice,06,Alpes-Maritimes,1978,15.03,1.0,-0.27,24.6,1.0,0.0,15.0,43.6,3.0
Nice,06,Alpes-Maritimes,1979,15.35,1.0,0.04,25.9,3.0,0.0,33.0,76.6,3.2
Nice,06,Alpes-Maritimes,1980,14.82,0.0,-0.48,24.33,3.0,0.0,13.0,99.1,3.2
Nice,06,Alpes-Maritimes,1981,15.37,3.0,0.06,25.43,6.0,0.0,30.0,43.9,2.6
Nice,06,Alpes-Maritimes,1982,16.06,0.0,0.75,26.6,6.0,0.0,41.0,54.9,3.0
Nice,06,Alpes-Maritimes,1983,16.04,1.0,0.73,26.67,10.0,0.0,53.0,127.8,3.3
Nice,06,Alpes-Maritimes,1984,14.84,0.0,-0.47,24.67,1.0,0.0,11.0,103.0,3.2
Nice,06,Alpes-Maritimes,1985,15.41,9.0,0.1,25.9,3.0,0.0,32.0,18.5,3.3
Nice,06,Alpes-Maritimes,1986,15.93,4.0,0.63,26.3,7.0,0.0,45.0,27.8,4.0
Nice,06,Alpes-Maritimes,1987,15.78,1.0,0.47,26.13,6.0,0.0,47.0,100.4,4.6
Nice,06,Alpes-Maritimes,1988,16.13,0.0,0.83,26.03,6.0,0.0,38.0,71.8,5.1
Nice,06,Alpes-Maritimes,1989,16.13,0.0,0.83,26.23,4.0,1.0,51.0,16.9,5.2
Nice,06,Alpes-Maritimes,1990,16.22,0.0,0.92,26.3,2.0,0.0,40.0,34.1,5.1
Nice,06,Alpes-Maritimes,1991,15.32,3.0,0.01,25.97,4.0,0.0,40.0,42.9,4.9
Nice,06,Alpes-Maritimes,1992,15.78,0.0,0.48,25.83,8.0,0.0,36.0,156.6,5.1
Nice,06,Alpes-Maritimes,1993,15.4,3.0,0.09,26.07,4.0,0.0,28.0,39.6,4.5
Nice,06,Alpes-Maritimes,1994,16.23,0.0,0.93,27.2,12.0,0.0,54.0,75.8,5.6
Nice,06,Alpes-Maritimes,1995,15.7,0.0,0.39,25.97,6.0,0.0,47.0,60.2,5.9
Nice,06,Alpes-Maritimes,1996,15.45,2.0,0.14,25.97,1.0,0.0,33.0,55.0,5.3
Nice,06,Alpes-Maritimes,1997,16.29,0.0,0.98,25.7,0.0,0.0,34.0,154.8,4.7
Nice,06,Alpes-Maritimes,1998,15.82,0.0,0.51,26.5,4.0,0.0,47.0,48.2,4.5
Nice,06,Alpes-Maritimes,1999,16.17,2.0,0.86,26.83,3.0,0.0,47.0,28.4,4.4
Nice,06,Alpes-Maritimes,2000,16.21,1.0,0.9,26.37,2.0,0.0,31.0,121.0,4.4
Nice,06,Alpes-Maritimes,2001,16.28,1.0,0.97,27.07,11.0,0.0,43.0,15.2,5.1
Nice,06,Alpes-Maritimes,2002,16.2,0.0,0.89,26.3,6.0,0.0,38.0,136.2,4.9
Nice,06,Alpes-Maritimes,2003,16.75,0.0,1.44,29.4,31.0,2.0,80.0,4.4,7.6
Nice,06,Alpes-Maritimes,2004,16.03,0.0,0.72,26.57,6.0,0.0,31.0,109.0,7.0
Nice,06,Alpes-Maritimes,2005,15.78,7.0,0.48,27.13,8.0,1.0,50.0,57.8,7.2
Nice,06,Alpes-Maritimes,2006,16.64,0.0,1.33,27.43,18.0,1.0,45.0,49.2,8.9
Nice,06,Alpes-Maritimes,2007,16.73,0.0,1.43,26.63,10.0,2.0,26.0,24.6,9.9
Nice,06,Alpes-Maritimes,2008,16.1,0.0,0.79,26.23,5.0,0.0,56.0,38.1,10.0
Nice,06,Alpes-Maritimes,2009,16.55,2.0,1.24,26.73,7.0,0.0,61.0,16.0,10.4
Nice,06,Alpes-Maritimes,2010,15.56,1.0,0.25,26.33,6.0,0.0,58.0,94.8,10.8
Nice,06,Alpes-Maritimes,2011,16.72,0.0,1.42,25.77,5.0,0.0,52.0,152.8,10.2
Nice,06,Alpes-Maritimes,2012,16.43,9.0,1.13,26.9,6.0,1.0,70.0,15.8,10.2
Nice,06,Alpes-Maritimes,2013,15.97,0.0,0.66,26.27,5.0,0.0,57.0,63.4,7.6
Nice,06,Alpes-Maritimes,2014,16.87,0.0,1.56,26.0,4.0,0.0,45.0,72.7,7.4
Nice,06,Alpes-Maritimes,2015,17.0,0.0,1.69,27.93,18.0,3.0,70.0,99.7,8.4
Nice,06,Alpes-Maritimes,2016,16.77,0.0,1.46,26.1,2.0,0.0,63.0,32.3,6.8
Nice,06,Alpes-Maritimes,2017,16.74,1.0,1.43,27.4,7.0,1.0,71.0,3.9,6.5
Nice,06,Alpes-Maritimes,2018,17.18,0.0,1.87,27.73,17.0,0.0,72.0,86.5,7.7
Nice,06,Alpes-Maritimes,2019,17.06,0.0,1.75,27.93,18.0,0.0,71.0,43.9,8.8
Nice,06,Alpes-Maritimes,2020,17.02,0.0,1.71,26.9,7.0,1.0,65.0,95.0,8.9
Nice,06,Alpes-Maritimes,2021,16.59,0.0,1.28,27.0,11.0,0.0,65.0,52.7,9.5
Nice,06,Alpes-Maritimes,2022,17.71,0.0,2.4,28.63,21.0,0.0,88.0,35.3,11.0
Nice,06,Alpes-Maritimes,2023,17.56,0.0,2.25,27.77,18.0,0.0,68.0,46.6,12.3
Nice,06,Alpes-Maritimes,2024,17.38,0.0,2.08,27.73,28.0,1.0,64.0,22.3,14.7
Nice,06,Alpes-Maritimes,2025,17.61,0.0,2.3,28.57,22.0,2.0,77.0,27.9,15.1
Nice,06,Alpes-Maritimes,2026,,,,29.63,60.0,0.0,76.0,40.4,20.9
