dep,annee,nb_feux,surface_ha,grands_feux,plus_gros_feu_ha
06,2006,149,159.8,0,41.2
06,2007,224,440.5,1,105.0
06,2008,118,341.5,0,51.0
06,2009,141,119.9,0,15.6
06,2010,62,58.8,0,22.9
06,2011,84,311.1,0,90.4
06,2012,102,251.0,0,54.3
06,2013,35,29.5,0,5.8
06,2014,55,144.8,0,70.0
06,2015,85,500.2,2,195.6
06,2016,68,545.6,2,260.2
06,2017,136,640.0,1,132.1
06,2018,47,65.6,0,17.3
06,2019,86,654.8,3,180.0
06,2020,63,164.1,0,39.3
06,2021,69,97.2,0,42.0
06,2022,120,208.4,0,72.4
06,2023,119,251.8,0,75.1
06,2024,57,29.6,0,8.3
06,2025,79,378.2,1,111.4
33,2006,383,136.3,0,6.0
33,2007,106,67.1,0,16.0
33,2008,129,47.8,0,4.5
33,2009,266,293.0,0,51.1
33,2010,356,410.6,1,111.1
33,2011,314,652.6,2,306.5
33,2012,192,716.5,1,638.0
33,2013,79,57.0,0,34.5
33,2014,122,220.8,1,100.0
33,2015,228,1060.7,1,563.0
33,2016,200,201.8,0,57.0
33,2017,181,1168.8,1,1075.5
33,2018,122,82.5,0,14.3
33,2019,161,346.9,0,68.0
33,2020,145,664.3,2,289.7
33,2021,65,400.1,1,303.8
33,2022,245,28727.8,5,12552.0
33,2023,103,57.4,0,8.4
33,2024,29,13.4,0,2.0
33,2025,129,130.3,0,26.3
40,2006,219,139.2,0,18.0
40,2007,62,36.6,0,6.6
40,2008,92,49.5,0,6.0
40,2009,172,389.4,1,193.0
40,2010,145,448.1,2,170.8
40,2011,133,217.4,1,108.1
40,2012,91,75.9,0,16.3
40,2013,42,234.7,1,223.4
40,2014,55,62.2,0,28.0
40,2015,131,106.8,0,22.0
40,2016,113,196.6,0,49.5
40,2017,72,540.8,1,491.6
40,2018,38,20.5,0,7.8
40,2019,59,245.1,1,153.9
40,2020,76,55.0,0,12.0
40,2021,52,131.0,0,60.0
40,2022,128,1343.8,4,381.0
40,2023,84,98.9,0,41.4
40,2024,30,14.8,0,7.6
40,2025,111,151.9,0,65.8
