territoire,annee,nb_feux,surface_ha,grands_feux,plus_gros_feu_ha
Alpes-Maritimes,2006,149,159.8,0,41.2
Alpes-Maritimes,2007,224,440.5,1,105.0
Alpes-Maritimes,2008,118,341.5,0,51.0
Alpes-Maritimes,2009,141,119.9,0,15.6
Alpes-Maritimes,2010,62,58.8,0,22.9
Alpes-Maritimes,2011,84,311.1,0,90.4
Alpes-Maritimes,2012,102,251.0,0,54.3
Alpes-Maritimes,2013,35,29.5,0,5.8
Alpes-Maritimes,2014,55,144.8,0,70.0
Alpes-Maritimes,2015,85,500.2,2,195.6
Alpes-Maritimes,2016,68,545.6,2,260.2
Alpes-Maritimes,2017,136,640.0,1,132.1
Alpes-Maritimes,2018,47,65.6,0,17.3
Alpes-Maritimes,2019,86,654.8,3,180.0
Alpes-Maritimes,2020,63,164.1,0,39.3
Alpes-Maritimes,2021,69,97.2,0,42.0
Alpes-Maritimes,2022,120,208.4,0,72.4
Alpes-Maritimes,2023,119,251.8,0,75.1
Alpes-Maritimes,2024,57,29.6,0,8.3
Alpes-Maritimes,2025,79,378.2,1,111.4
Landes de Gascogne,2006,602,275.5,0,18.0
Landes de Gascogne,2007,168,103.8,0,16.0
Landes de Gascogne,2008,221,97.4,0,6.0
Landes de Gascogne,2009,438,682.4,1,193.0
Landes de Gascogne,2010,501,858.7,3,170.8
Landes de Gascogne,2011,447,870.0,3,306.5
Landes de Gascogne,2012,283,792.4,1,638.0
Landes de Gascogne,2013,121,291.6,1,223.4
Landes de Gascogne,2014,177,282.9,1,100.0
Landes de Gascogne,2015,359,1167.5,1,563.0
Landes de Gascogne,2016,313,398.4,0,57.0
Landes de Gascogne,2017,253,1709.6,2,1075.5
Landes de Gascogne,2018,160,103.0,0,14.3
Landes de Gascogne,2019,220,592.0,1,153.9
Landes de Gascogne,2020,221,719.3,2,289.7
Landes de Gascogne,2021,117,531.2,1,303.8
Landes de Gascogne,2022,373,30071.6,9,12552.0
Landes de Gascogne,2023,187,156.3,0,41.4
Landes de Gascogne,2024,59,28.2,0,7.6
Landes de Gascogne,2025,240,282.2,0,65.8
